-- phpMyAdmin SQL Dump
-- version 4.1.12
-- http://www.phpmyadmin.net
--
-- Host: 127.0.0.1
-- Generation Time: 07 Des 2018 pada 09.05
-- Versi Server: 5.6.16
-- PHP Version: 5.5.11

SET SQL_MODE = "NO_AUTO_VALUE_ON_ZERO";
SET time_zone = "+00:00";


/*!40101 SET @OLD_CHARACTER_SET_CLIENT=@@CHARACTER_SET_CLIENT */;
/*!40101 SET @OLD_CHARACTER_SET_RESULTS=@@CHARACTER_SET_RESULTS */;
/*!40101 SET @OLD_COLLATION_CONNECTION=@@COLLATION_CONNECTION */;
/*!40101 SET NAMES utf8 */;

--
-- Database: `tugas_akhir`
--

-- --------------------------------------------------------

--
-- Struktur dari tabel `biaya`
--

CREATE TABLE IF NOT EXISTS `biaya` (
  `idbiaya` int(15) NOT NULL AUTO_INCREMENT,
  `jenis_biaya` varchar(25) NOT NULL,
  `jumlah` int(25) NOT NULL,
  `status` char(1) NOT NULL,
  PRIMARY KEY (`idbiaya`)
) ENGINE=InnoDB  DEFAULT CHARSET=latin1 AUTO_INCREMENT=23 ;

--
-- Dumping data untuk tabel `biaya`
--

INSERT INTO `biaya` (`idbiaya`, `jenis_biaya`, `jumlah`, `status`) VALUES
(8, 'SERAGAM', 120000, '1'),
(9, 'PESERTA DIDIK BARU', 159000, '1'),
(12, 'SPP BULANAN', 985001, '2'),
(14, 'FASILITAS', 155000, '1'),
(15, 'RAUDOH (PAKET BACA TULIS)', 25000, '1'),
(16, 'MAJALAH BULANAN', 65500, '2'),
(19, 'PORSENI ', 190000, '1'),
(21, 'MANASIK HAJI', 150000, '2'),
(22, 'Udunan Kelas', 10000, '1');

-- --------------------------------------------------------

--
-- Struktur dari tabel `gammu`
--

CREATE TABLE IF NOT EXISTS `gammu` (
  `Version` int(11) NOT NULL DEFAULT '0',
  PRIMARY KEY (`Version`)
) ENGINE=MyISAM DEFAULT CHARSET=utf8mb4;

--
-- Dumping data untuk tabel `gammu`
--

INSERT INTO `gammu` (`Version`) VALUES
(17);

-- --------------------------------------------------------

--
-- Struktur dari tabel `inbox`
--

CREATE TABLE IF NOT EXISTS `inbox` (
  `UpdatedInDB` timestamp NOT NULL DEFAULT CURRENT_TIMESTAMP ON UPDATE CURRENT_TIMESTAMP,
  `ReceivingDateTime` timestamp NOT NULL DEFAULT CURRENT_TIMESTAMP,
  `Text` text NOT NULL,
  `SenderNumber` varchar(20) NOT NULL DEFAULT '',
  `Coding` enum('Default_No_Compression','Unicode_No_Compression','8bit','Default_Compression','Unicode_Compression') NOT NULL DEFAULT 'Default_No_Compression',
  `UDH` text NOT NULL,
  `SMSCNumber` varchar(20) NOT NULL DEFAULT '',
  `Class` int(11) NOT NULL DEFAULT '-1',
  `TextDecoded` text NOT NULL,
  `ID` int(10) unsigned NOT NULL AUTO_INCREMENT,
  `RecipientID` text NOT NULL,
  `Processed` enum('false','true') NOT NULL DEFAULT 'false',
  `Status` int(11) NOT NULL DEFAULT '-1',
  PRIMARY KEY (`ID`)
) ENGINE=MyISAM  DEFAULT CHARSET=utf8mb4 AUTO_INCREMENT=7 ;

--
-- Dumping data untuk tabel `inbox`
--

INSERT INTO `inbox` (`UpdatedInDB`, `ReceivingDateTime`, `Text`, `SenderNumber`, `Coding`, `UDH`, `SMSCNumber`, `Class`, `TextDecoded`, `ID`, `RecipientID`, `Processed`, `Status`) VALUES
('2018-12-06 07:01:02', '2018-12-06 07:00:53', '00500075006C007300610020006B0061006D0075002000740064006B0020006D0065006E00630075006B007500700069002F0064006C006D0020006D006100730061002000740065006E006700670061006E0067002F0073006500640061006E0067002000640061006C0061006D002000700065006D0062006C006F006B006900720061006E002E00200053004D005300200061006B0061006E00200064006900740065007200750073006B0061006E0020006B00650020006E006F006D006F0072002000740075006A00750061006E00200061007400610073002000620069006100790061002000700065006E006500720069006D00610020002800620069006C00610020006400690073006500740075006A007500690029002E0049006E0066006F003A002A003100320033002A0038003800330023', 'INDOSAT', 'Default_No_Compression', '', '+628161292001', 0, 'Pulsa kamu tdk mencukupi/dlm masa tenggang/sedang dalam pemblokiran. SMS akan diteruskan ke nomor tujuan atas biaya penerima (bila disetujui).Info:*123*883#', 1, '', 'false', 0),
('2018-12-06 07:01:02', '2018-12-06 07:00:53', '004E006F0020002B0036003200380035003700320030003700360038003100360038002000740064006B00200062006500720068006100730069006C00200053004D00530020006B0061006D0075002E0020004A0067006E002000730061006D0070006100690020006B0061006D00750020006D0065006C0065007700610074006B0061006E00200070006500730061006E00200064006100720069006E007900610021002000420061006C00610073002000590041002000640067006E0020006200690061007900610020005200700020003400390039002E00200049006E0066006F003A0020002A003100320033002A0038003800330023', '88333', 'Default_No_Compression', '', '+628161292001', -1, 'No +6285720768168 tdk berhasil SMS kamu. Jgn sampai kamu melewatkan pesan darinya! Balas YA dgn biaya Rp 499. Info: *123*883#', 2, '', 'false', 0),
('2018-12-06 07:17:00', '2018-12-06 07:16:50', '00500075006C007300610020006B0061006D0075002000740064006B0020006D0065006E00630075006B007500700069002F0064006C006D0020006D006100730061002000740065006E006700670061006E0067002F0073006500640061006E0067002000640061006C0061006D002000700065006D0062006C006F006B006900720061006E002E00200053004D005300200061006B0061006E00200064006900740065007200750073006B0061006E0020006B00650020006E006F006D006F0072002000740075006A00750061006E00200061007400610073002000620069006100790061002000700065006E006500720069006D00610020002800620069006C00610020006400690073006500740075006A007500690029002E0049006E0066006F003A002A003100320033002A0038003800330023', 'INDOSAT', 'Default_No_Compression', '', '+628161292001', 0, 'Pulsa kamu tdk mencukupi/dlm masa tenggang/sedang dalam pemblokiran. SMS akan diteruskan ke nomor tujuan atas biaya penerima (bila disetujui).Info:*123*883#', 3, '', 'false', 0),
('2018-12-06 07:17:00', '2018-12-06 07:16:50', '004E006F0020002B0036003200380035003700320030003700360038003100360038002000740064006B00200062006500720068006100730069006C00200053004D00530020006B0061006D0075002E0020004A0067006E002000730061006D0070006100690020006B0061006D00750020006D0065006C0065007700610074006B0061006E00200070006500730061006E00200064006100720069006E007900610021002000420061006C00610073002000590041002000640067006E0020006200690061007900610020005200700020003400390039002E00200049006E0066006F003A0020002A003100320033002A0038003800330023', '88334', 'Default_No_Compression', '', '+628161292001', -1, 'No +6285720768168 tdk berhasil SMS kamu. Jgn sampai kamu melewatkan pesan darinya! Balas YA dgn biaya Rp 499. Info: *123*883#', 4, '', 'false', 0),
('2018-12-06 07:17:00', '2018-12-06 07:16:52', '00500075006C007300610020006B0061006D0075002000740064006B0020006D0065006E00630075006B007500700069002F0064006C006D0020006D006100730061002000740065006E006700670061006E0067002F0073006500640061006E0067002000640061006C0061006D002000700065006D0062006C006F006B006900720061006E002E00200053004D005300200061006B0061006E00200064006900740065007200750073006B0061006E0020006B00650020006E006F006D006F0072002000740075006A00750061006E00200061007400610073002000620069006100790061002000700065006E006500720069006D00610020002800620069006C00610020006400690073006500740075006A007500690029002E0049006E0066006F003A002A003100320033002A0038003800330023', 'INDOSAT', 'Default_No_Compression', '', '+628161292001', 0, 'Pulsa kamu tdk mencukupi/dlm masa tenggang/sedang dalam pemblokiran. SMS akan diteruskan ke nomor tujuan atas biaya penerima (bila disetujui).Info:*123*883#', 5, '', 'false', 0),
('2018-12-06 07:17:00', '2018-12-06 07:16:52', '004E006F0020002B0036003200380035003700320030003700360038003100360038002000740064006B00200062006500720068006100730069006C00200053004D00530020006B0061006D0075002E0020004A0067006E002000730061006D0070006100690020006B0061006D00750020006D0065006C0065007700610074006B0061006E00200070006500730061006E00200064006100720069006E007900610021002000420061006C00610073002000590041002000640067006E0020006200690061007900610020005200700020003400390039002E00200049006E0066006F003A0020002A003100320033002A0038003800330023', '88335', 'Default_No_Compression', '', '+628161292001', -1, 'No +6285720768168 tdk berhasil SMS kamu. Jgn sampai kamu melewatkan pesan darinya! Balas YA dgn biaya Rp 499. Info: *123*883#', 6, '', 'false', 0);

-- --------------------------------------------------------

--
-- Struktur dari tabel `outbox`
--

CREATE TABLE IF NOT EXISTS `outbox` (
  `UpdatedInDB` timestamp NOT NULL DEFAULT CURRENT_TIMESTAMP ON UPDATE CURRENT_TIMESTAMP,
  `InsertIntoDB` timestamp NOT NULL DEFAULT CURRENT_TIMESTAMP,
  `SendingDateTime` timestamp NOT NULL DEFAULT CURRENT_TIMESTAMP,
  `SendBefore` time NOT NULL DEFAULT '23:59:59',
  `SendAfter` time NOT NULL DEFAULT '00:00:00',
  `Text` text,
  `DestinationNumber` varchar(20) NOT NULL DEFAULT '',
  `Coding` enum('Default_No_Compression','Unicode_No_Compression','8bit','Default_Compression','Unicode_Compression') NOT NULL DEFAULT 'Default_No_Compression',
  `UDH` text,
  `Class` int(11) DEFAULT '-1',
  `TextDecoded` text NOT NULL,
  `ID` int(10) unsigned NOT NULL AUTO_INCREMENT,
  `MultiPart` enum('false','true') DEFAULT 'false',
  `RelativeValidity` int(11) DEFAULT '-1',
  `SenderID` varchar(255) DEFAULT NULL,
  `SendingTimeOut` timestamp NULL DEFAULT CURRENT_TIMESTAMP,
  `DeliveryReport` enum('default','yes','no') DEFAULT 'default',
  `CreatorID` text NOT NULL,
  `Retries` int(3) DEFAULT '0',
  `Priority` int(11) DEFAULT '0',
  `Status` enum('SendingOK','SendingOKNoReport','SendingError','DeliveryOK','DeliveryFailed','DeliveryPending','DeliveryUnknown','Error','Reserved') NOT NULL DEFAULT 'Reserved',
  `StatusCode` int(11) NOT NULL DEFAULT '-1',
  PRIMARY KEY (`ID`),
  KEY `outbox_date` (`SendingDateTime`,`SendingTimeOut`),
  KEY `outbox_sender` (`SenderID`(250))
) ENGINE=MyISAM  DEFAULT CHARSET=utf8mb4 AUTO_INCREMENT=17 ;

-- --------------------------------------------------------

--
-- Struktur dari tabel `outbox_multipart`
--

CREATE TABLE IF NOT EXISTS `outbox_multipart` (
  `Text` text,
  `Coding` enum('Default_No_Compression','Unicode_No_Compression','8bit','Default_Compression','Unicode_Compression') NOT NULL DEFAULT 'Default_No_Compression',
  `UDH` text,
  `Class` int(11) DEFAULT '-1',
  `TextDecoded` text,
  `ID` int(10) unsigned NOT NULL DEFAULT '0',
  `SequencePosition` int(11) NOT NULL DEFAULT '1',
  `Status` enum('SendingOK','SendingOKNoReport','SendingError','DeliveryOK','DeliveryFailed','DeliveryPending','DeliveryUnknown','Error','Reserved') NOT NULL DEFAULT 'Reserved',
  `StatusCode` int(11) NOT NULL DEFAULT '-1',
  PRIMARY KEY (`ID`,`SequencePosition`)
) ENGINE=MyISAM DEFAULT CHARSET=utf8mb4;

-- --------------------------------------------------------

--
-- Struktur dari tabel `phones`
--

CREATE TABLE IF NOT EXISTS `phones` (
  `ID` text NOT NULL,
  `UpdatedInDB` timestamp NOT NULL DEFAULT CURRENT_TIMESTAMP ON UPDATE CURRENT_TIMESTAMP,
  `InsertIntoDB` timestamp NOT NULL DEFAULT CURRENT_TIMESTAMP,
  `TimeOut` timestamp NOT NULL DEFAULT CURRENT_TIMESTAMP,
  `Send` enum('yes','no') NOT NULL DEFAULT 'no',
  `Receive` enum('yes','no') NOT NULL DEFAULT 'no',
  `IMEI` varchar(35) NOT NULL,
  `IMSI` varchar(35) NOT NULL,
  `NetCode` varchar(10) DEFAULT 'ERROR',
  `NetName` varchar(35) DEFAULT 'ERROR',
  `Client` text NOT NULL,
  `Battery` int(11) NOT NULL DEFAULT '-1',
  `Signal` int(11) NOT NULL DEFAULT '-1',
  `Sent` int(11) NOT NULL DEFAULT '0',
  `Received` int(11) NOT NULL DEFAULT '0',
  PRIMARY KEY (`IMEI`)
) ENGINE=MyISAM DEFAULT CHARSET=utf8mb4;

--
-- Dumping data untuk tabel `phones`
--

INSERT INTO `phones` (`ID`, `UpdatedInDB`, `InsertIntoDB`, `TimeOut`, `Send`, `Receive`, `IMEI`, `IMSI`, `NetCode`, `NetName`, `Client`, `Battery`, `Signal`, `Sent`, `Received`) VALUES
('', '2018-12-07 08:05:29', '2018-12-07 07:52:28', '2018-12-07 08:05:39', 'yes', 'yes', '356743040689650', '510012047268309', '510 01', 'INDOSATOOREDOO', 'Gammu 1.39.0, Windows Server 2007, MS VC 1900', 0, 9, 3, 0);

-- --------------------------------------------------------

--
-- Struktur dari tabel `sentitems`
--

CREATE TABLE IF NOT EXISTS `sentitems` (
  `UpdatedInDB` timestamp NOT NULL DEFAULT CURRENT_TIMESTAMP ON UPDATE CURRENT_TIMESTAMP,
  `InsertIntoDB` timestamp NOT NULL DEFAULT CURRENT_TIMESTAMP,
  `SendingDateTime` timestamp NOT NULL DEFAULT CURRENT_TIMESTAMP,
  `DeliveryDateTime` timestamp NULL DEFAULT NULL,
  `Text` text NOT NULL,
  `DestinationNumber` varchar(20) NOT NULL DEFAULT '',
  `Coding` enum('Default_No_Compression','Unicode_No_Compression','8bit','Default_Compression','Unicode_Compression') NOT NULL DEFAULT 'Default_No_Compression',
  `UDH` text NOT NULL,
  `SMSCNumber` varchar(20) NOT NULL DEFAULT '',
  `Class` int(11) NOT NULL DEFAULT '-1',
  `TextDecoded` text NOT NULL,
  `ID` int(10) unsigned NOT NULL DEFAULT '0',
  `SenderID` varchar(255) NOT NULL,
  `SequencePosition` int(11) NOT NULL DEFAULT '1',
  `Status` enum('SendingOK','SendingOKNoReport','SendingError','DeliveryOK','DeliveryFailed','DeliveryPending','DeliveryUnknown','Error') NOT NULL DEFAULT 'SendingOK',
  `StatusError` int(11) NOT NULL DEFAULT '-1',
  `TPMR` int(11) NOT NULL DEFAULT '-1',
  `RelativeValidity` int(11) NOT NULL DEFAULT '-1',
  `CreatorID` text NOT NULL,
  `StatusCode` int(11) NOT NULL DEFAULT '-1',
  PRIMARY KEY (`ID`,`SequencePosition`),
  KEY `sentitems_date` (`DeliveryDateTime`),
  KEY `sentitems_tpmr` (`TPMR`),
  KEY `sentitems_dest` (`DestinationNumber`),
  KEY `sentitems_sender` (`SenderID`(250))
) ENGINE=MyISAM DEFAULT CHARSET=utf8mb4;

--
-- Dumping data untuk tabel `sentitems`
--

INSERT INTO `sentitems` (`UpdatedInDB`, `InsertIntoDB`, `SendingDateTime`, `DeliveryDateTime`, `Text`, `DestinationNumber`, `Coding`, `UDH`, `SMSCNumber`, `Class`, `TextDecoded`, `ID`, `SenderID`, `SequencePosition`, `Status`, `StatusError`, `TPMR`, `RelativeValidity`, `CreatorID`, `StatusCode`) VALUES
('2018-12-06 07:00:51', '2018-12-06 06:54:35', '2018-12-06 07:00:51', NULL, '00680061006C006C006F002C00200064006900740065007300740069006E0067', '085720768168', 'Default_No_Compression', '', '+62816124', -1, 'hallo, ditesting', 1, '', 1, 'SendingOKNoReport', -1, 218, 255, 'Gammu 1.39.0', -1),
('2018-12-06 07:00:53', '2018-12-06 06:59:58', '2018-12-06 07:00:53', NULL, '00680061006C006C006F002C00200064006900740065007300740069006E0067', '085720768168', 'Default_No_Compression', '', '+62816124', -1, 'hallo, ditesting', 2, '', 1, 'SendingOKNoReport', -1, 219, 255, 'Gammu 1.39.0', -1),
('2018-12-06 07:16:48', '2018-12-06 07:02:29', '2018-12-06 07:16:48', NULL, '0041006E006400610020006D0065006E0064006100700061007400200069006E0066006F0072006D00610073006900200073007000700020007400650072006B0069006E0069', '+6285720768168', 'Default_No_Compression', '', '+62816124', -1, 'Anda mendapat informasi spp terkini', 3, '', 1, 'SendingOKNoReport', -1, 220, 255, 'Gammu', -1),
('2018-12-06 07:16:50', '2018-12-06 07:11:18', '2018-12-06 07:16:50', NULL, '006400690063006F006200610020006C006100670069', '085720768168', 'Default_No_Compression', '', '+62816124', -1, 'dicoba lagi', 4, '', 1, 'SendingOKNoReport', -1, 221, 255, 'Gammu 1.39.0', -1),
('2018-12-06 07:20:57', '2018-12-06 07:20:49', '2018-12-06 07:20:57', NULL, '0041006E006400610020006D0065006E0064006100700061007400200069006E0066006F0072006D00610073006900200073007000700020007400650072006B0069006E0069', '+6285720768168', 'Default_No_Compression', '', '+62816124', -1, 'Anda mendapat informasi spp terkini', 6, '', 1, 'SendingOKNoReport', -1, 222, 255, 'Gammu', -1),
('2018-12-06 11:54:36', '2018-12-06 11:54:19', '2018-12-06 11:54:36', NULL, '005900740068002E0020004B006500700061006400610020006F00720061006E006700200074007500610020006C0075007400680066006900200061006E00640061002000740065007200640061007400610020006D0065006E0075006E006700670061006B002000700065006D006200610079006100720061006E002000280069006E0073006900640065006E00740069006C0029002000620065007200750070006100200031002E00200052004100550044004F00480020002800500041004B0045005400200042004100430041002000540055004C00490053002900200032002E00200050004F005200530045004E0049002000200068006100720061007000200075006E00740075006B002000730065006700650072006100200064006900620061007900610072006B0061006E00200074006500720069006D00610020006B0061007300690068', '081312410612', 'Default_No_Compression', '', '+62816124', -1, 'Yth. Kepada orang tua luthfi anda terdata menunggak pembayaran (insidentil) berupa 1. RAUDOH (PAKET BACA TULIS) 2. PORSENI  harap untuk segera dibayarkan terima kasih', 7, '', 1, 'SendingOKNoReport', -1, 223, 255, 'Gammu', -1),
('2018-12-06 11:55:43', '2018-12-06 11:55:07', '2018-12-06 11:55:43', NULL, '005900740068002E0020004B006500700061006400610020006F00720061006E006700200074007500610020006C0075007400680066006900200061006E00640061002000740065007200640061007400610020006D0065006E0075006E006700670061006B002000700065006D006200610079006100720061006E002000280069006E0073006900640065006E00740069006C0029002000620065007200750070006100200031002E00200052004100550044004F00480020002800500041004B0045005400200042004100430041002000540055004C00490053002900200032002E00200050004F005200530045004E0049002000200068006100720061007000200075006E00740075006B002000730065006700650072006100200064006900620061007900610072006B0061006E00200074006500720069006D00610020006B0061007300690068', '081312410612', 'Default_No_Compression', '', '+62816124', -1, 'Yth. Kepada orang tua luthfi anda terdata menunggak pembayaran (insidentil) berupa 1. RAUDOH (PAKET BACA TULIS) 2. PORSENI  harap untuk segera dibayarkan terima kasih', 8, '', 1, 'SendingOKNoReport', -1, 224, 255, 'Gammu', -1),
('2018-12-06 13:31:11', '2018-12-06 13:30:48', '2018-12-06 13:31:11', NULL, '005900740068002E0020004B006500700061006400610020006F00720061006E006700200074007500610020006C0075007400680066006900200061006E00640061002000740065007200640061007400610020006D0065006E0075006E006700670061006B002000700065006D006200610079006100720061006E002000280069006E0073006900640065006E00740069006C0029002000620065007200750070006100200031002E00200052004100550044004F00480020002800500041004B004500540020', '085720768168', 'Default_No_Compression', '050003A702', '+62816124', -1, 'Yth. Kepada orang tua luthfi anda terdata menunggak pembayaran (insidentil) berupa 1. RAUDOH (PAKET ', 9, '', 1, 'SendingOKNoReport', -1, 225, 255, 'Gammu', -1),
('2018-12-06 13:42:31', '2018-12-06 13:41:58', '2018-12-06 13:42:31', NULL, '005900740068002E0020004B006500700061006400610020006F00720061006E006700200074007500610020006C0075007400680066006900200061006E00640061002000740065007200640061007400610020006D0065006E0075006E006700670061006B002000700065006D006200610079006100720061006E002000280069006E0073006900640065006E00740069006C0029002000620065007200750070006100200031002E00200052004100550044004F00480020002800500041004B004500540020', '085720768168', 'Default_No_Compression', '050003A70201', '+62816124', -1, 'Yth. Kepada orang tua luthfi anda terdata menunggak pembayaran (insidentil) berupa 1. RAUDOH (PAKET ', 10, '', 1, 'SendingOKNoReport', -1, 226, 255, 'Gammu', -1),
('2018-12-06 13:46:39', '2018-12-06 13:44:30', '2018-12-06 13:46:39', NULL, '005900740068002E0020004B006500700061006400610020006F00720061006E006700200074007500610020006C0075007400680066006900200061006E00640061002000740065007200640061007400610020006D0065006E0075006E006700670061006B002000700065006D006200610079006100720061006E002000280069006E0073006900640065006E00740069006C0029002000620065007200750070006100200031002E00200052004100550044004F00480020002800500041004B004500540020', '085720768168', 'Default_No_Compression', '050003A70201', '+62816124', -1, 'Yth. Kepada orang tua luthfi anda terdata menunggak pembayaran (insidentil) berupa 1. RAUDOH (PAKET ', 11, '', 1, 'SendingOKNoReport', -1, 227, 255, 'Gammu', -1),
('2018-12-06 13:48:22', '2018-12-06 13:48:09', '2018-12-06 13:48:22', NULL, '005900740068002E0020004B006500700061006400610020006F00720061006E006700200074007500610020006C0075007400680066006900200061006E00640061002000740065007200640061007400610020006D0065006E0075006E006700670061006B002000700065006D006200610079006100720061006E002000280069006E0073006900640065006E00740069006C0029002000620065007200750070006100200031002E00200052004100550044004F00480020002800500041004B004500540020', '081312410612', 'Default_No_Compression', '050003A70201', '+62816124', -1, 'Yth. Kepada orang tua luthfi anda terdata menunggak pembayaran (insidentil) berupa 1. RAUDOH (PAKET ', 12, '', 1, 'SendingOKNoReport', -1, 228, 255, 'Gammu', -1),
('2018-12-06 13:55:58', '2018-12-06 13:55:48', '2018-12-06 13:55:58', NULL, '005900740068002E0020004B006500700061006400610020006F00720061006E006700200074007500610020006C0075007400680066006900200061006E00640061002000740065007200640061007400610020006D0065006E0075006E006700670061006B002000700065006D006200610079006100720061006E002000280069006E0073006900640065006E00740069006C0029002000620065007200750070006100200031002E00200052004100550044004F00480020002800500041004B004500540020', '085720082610', 'Default_No_Compression', '050003A70201', '+62816124', -1, 'Yth. Kepada orang tua luthfi anda terdata menunggak pembayaran (insidentil) berupa 1. RAUDOH (PAKET ', 13, '', 1, 'SendingOKNoReport', -1, 229, 255, 'Gammu', -1),
('2018-12-07 07:54:02', '2018-12-07 07:53:31', '2018-12-07 07:54:02', NULL, '0074006500730074002000670061006D006D0075', '081312410612', 'Default_No_Compression', '', '+62816124', -1, 'test gammu', 14, '', 1, 'SendingOKNoReport', -1, 230, 255, 'Gammu 1.39.0', -1),
('2018-12-07 07:55:49', '2018-12-07 07:55:13', '2018-12-07 07:55:49', NULL, '005900740068002E0020004B006500700061006400610020006F00720061006E006700200074007500610020006C0075007400680066006900200061006E00640061002000740065007200640061007400610020006D0065006E0075006E006700670061006B002000700065006D006200610079006100720061006E002000280069006E0073006900640065006E00740069006C0029002000620065007200750070006100200031002E00200052004100550044004F00480020002800500041004B004500540020', '081312410612', 'Default_No_Compression', '050003A70201', '+62816124', -1, 'Yth. Kepada orang tua luthfi anda terdata menunggak pembayaran (insidentil) berupa 1. RAUDOH (PAKET ', 15, '', 1, 'SendingOKNoReport', -1, 231, 255, 'Gammu', -1),
('2018-12-07 07:59:26', '2018-12-07 07:59:09', '2018-12-07 07:59:26', NULL, '005900740068002E0020004B006500700061006400610020006F00720061006E006700200074007500610020006C0075007400680066006900200061006E00640061002000740065007200640061007400610020006D0065006E0075006E006700670061006B002000700065006D006200610079006100720061006E002000280069006E0073006900640065006E00740069006C0029002000620065007200750070006100200031002E00200052004100550044004F00480020002800500041004B0045005400200042004100430041002000540055004C00490053002900200032002E00200050004F005200530045004E004900200020002C0068006100720061007000200075006E00740075006B002000730065006700650072006100200064006900620061007900610072006B0061006E002C00200074006500720069006D00610020006B0061007300690068', '081312410612', 'Default_No_Compression', '', '+62816124', -1, 'Yth. Kepada orang tua luthfi anda terdata menunggak pembayaran (insidentil) berupa 1. RAUDOH (PAKET BACA TULIS) 2. PORSENI  ,harap untuk segera dibayarkan, terima kasih', 16, '', 1, 'SendingOKNoReport', -1, 232, 255, 'Gammu', -1);

-- --------------------------------------------------------

--
-- Struktur dari tabel `siswa`
--

CREATE TABLE IF NOT EXISTS `siswa` (
  `nis` int(10) NOT NULL AUTO_INCREMENT,
  `nama_lengkap` varchar(35) NOT NULL,
  `tgl_lahir` date NOT NULL,
  `jenis_kel` varchar(10) NOT NULL,
  `kelas` varchar(11) NOT NULL,
  `alamat` text NOT NULL,
  `nama_ayah` varchar(30) NOT NULL,
  `nama_ibu` varchar(30) NOT NULL,
  `pekerjaan_ayah` varchar(30) NOT NULL,
  `pekerjaan_ibu` varchar(30) NOT NULL,
  `no_telp` varchar(15) NOT NULL,
  `tahun_ajaran` varchar(20) NOT NULL,
  PRIMARY KEY (`nis`)
) ENGINE=InnoDB  DEFAULT CHARSET=latin1 AUTO_INCREMENT=133040305 ;

--
-- Dumping data untuk tabel `siswa`
--

INSERT INTO `siswa` (`nis`, `nama_lengkap`, `tgl_lahir`, `jenis_kel`, `kelas`, `alamat`, `nama_ayah`, `nama_ibu`, `pekerjaan_ayah`, `pekerjaan_ibu`, `no_telp`, `tahun_ajaran`) VALUES
(133040287, 'luthfi', '2018-11-07', 'L', 'TK B', 'Jl. Setiabudhi no 193 bandung', 'JONI', 'MRS', 'WIRAUSAHA', 'KARYAWAN SWASTA', '081312410612', '2017/2018'),
(133040288, 'AGUS', '2018-11-30', 'L', 'TK A', 'JAKARTA', 'BANGJON', 'MBAJON', 'K', 'L', '93090319', '2017/2018'),
(133040304, 'Rizqon Sidik Maulana', '1996-01-02', 'L', 'TK B', 'Jl siliwangi gang koramil ataas rt 05 rw 04 desa nyangkowek kec cicuru', 'Sobarnas', 'Popon Patimah', 'Wirausaha', 'Karyawan Swasta', '085720679854', '2018/2019');

-- --------------------------------------------------------

--
-- Struktur dari tabel `sms`
--

CREATE TABLE IF NOT EXISTS `sms` (
  `no` varchar(15) NOT NULL,
  `tanggal` date NOT NULL,
  `jam` int(8) NOT NULL,
  `no_tujuan` int(15) NOT NULL,
  `pesan` varchar(200) NOT NULL
) ENGINE=InnoDB DEFAULT CHARSET=latin1;

-- --------------------------------------------------------

--
-- Struktur dari tabel `transaksi`
--

CREATE TABLE IF NOT EXISTS `transaksi` (
  `id_transaksi` int(10) NOT NULL AUTO_INCREMENT,
  `nis` int(10) NOT NULL,
  `nama_lengkap` varchar(30) NOT NULL,
  `jenis_biaya` int(15) NOT NULL,
  `tanggal_bayar` date NOT NULL,
  `bulan` varchar(10) NOT NULL,
  `sudah_bayar` int(20) NOT NULL,
  `tahun_ajaran` varchar(10) NOT NULL,
  PRIMARY KEY (`id_transaksi`),
  KEY `nis` (`nis`),
  KEY `jenis_biaya` (`jenis_biaya`)
) ENGINE=InnoDB  DEFAULT CHARSET=latin1 AUTO_INCREMENT=49 ;

--
-- Dumping data untuk tabel `transaksi`
--

INSERT INTO `transaksi` (`id_transaksi`, `nis`, `nama_lengkap`, `jenis_biaya`, `tanggal_bayar`, `bulan`, `sudah_bayar`, `tahun_ajaran`) VALUES
(29, 133040287, '', 12, '2018-12-05', 'Januari', 100000, '2017/2018'),
(30, 133040287, '', 12, '2018-12-05', 'Januari', 885001, '2017/2018'),
(31, 133040287, '', 12, '2018-12-05', 'Februari', 200000, '2018/2019'),
(32, 133040287, '', 12, '2018-12-05', 'Februari', 785001, '2018/2019'),
(33, 133040287, '', 8, '2018-12-05', '', 20000, '2018/2019'),
(34, 133040287, '', 8, '2018-12-05', '', 50000, '2018/2019'),
(35, 133040287, '', 16, '2018-12-05', 'Januari', 60000, '2018/2019'),
(36, 133040287, '', 16, '2018-12-05', 'Januari', 5500, '2018/2019'),
(37, 133040287, '', 16, '2018-12-05', 'Februari', 5500, '2018/2019'),
(39, 133040287, '', 9, '2018-12-05', '', 50000, '2018/2019'),
(40, 133040287, '', 9, '2018-12-05', '', 109000, '2018/2019'),
(43, 133040287, '', 21, '2018-12-05', 'Januari', 50000, '2018/2019'),
(44, 133040287, '', 21, '2018-12-05', 'Januari', 100000, '2018/2019'),
(45, 133040287, '', 16, '2018-12-05', 'Februari', 60000, '2018/2019'),
(46, 133040287, '', 21, '2018-12-05', 'Februari', 150000, '2018/2019'),
(47, 133040287, '', 22, '2018-12-05', 'Januari', 10000, '2018/2019'),
(48, 133040287, '', 14, '2018-12-05', '', 155000, '2018/2019');

-- --------------------------------------------------------

--
-- Struktur dari tabel `user`
--

CREATE TABLE IF NOT EXISTS `user` (
  `id` int(15) NOT NULL AUTO_INCREMENT,
  `username` varchar(30) NOT NULL,
  `password` varchar(30) NOT NULL,
  `hak_akses` varchar(30) NOT NULL,
  PRIMARY KEY (`id`)
) ENGINE=InnoDB  DEFAULT CHARSET=latin1 AUTO_INCREMENT=3 ;

--
-- Dumping data untuk tabel `user`
--

INSERT INTO `user` (`id`, `username`, `password`, `hak_akses`) VALUES
(1, 'admin', 'admin', 'admin'),
(2, 'walimurid', 'walimurid', 'walimurid');

--
-- Ketidakleluasaan untuk tabel pelimpahan (Dumped Tables)
--

--
-- Ketidakleluasaan untuk tabel `transaksi`
--
ALTER TABLE `transaksi`
  ADD CONSTRAINT `transaksi_ibfk_1` FOREIGN KEY (`nis`) REFERENCES `siswa` (`nis`) ON DELETE CASCADE ON UPDATE CASCADE,
  ADD CONSTRAINT `transaksi_ibfk_2` FOREIGN KEY (`jenis_biaya`) REFERENCES `biaya` (`idbiaya`) ON DELETE CASCADE ON UPDATE CASCADE;

/*!40101 SET CHARACTER_SET_CLIENT=@OLD_CHARACTER_SET_CLIENT */;
/*!40101 SET CHARACTER_SET_RESULTS=@OLD_CHARACTER_SET_RESULTS */;
/*!40101 SET COLLATION_CONNECTION=@OLD_COLLATION_CONNECTION */;
